[{"model": "auth.permission", "pk": 1, "fields": {"name": "Can add log entry", "content_type": 1, "codename": "add_logentry"}}, {"model": "auth.permission", "pk": 2, "fields": {"name": "Can change log entry", "content_type": 1, "codename": "change_logentry"}}, {"model": "auth.permission", "pk": 3, "fields": {"name": "Can delete log entry", "content_type": 1, "codename": "delete_logentry"}}, {"model": "auth.permission", "pk": 4, "fields": {"name": "Can add group", "content_type": 2, "codename": "add_group"}}, {"model": "auth.permission", "pk": 5, "fields": {"name": "Can change group", "content_type": 2, "codename": "change_group"}}, {"model": "auth.permission", "pk": 6, "fields": {"name": "Can delete group", "content_type": 2, "codename": "delete_group"}}, {"model": "auth.permission", "pk": 7, "fields": {"name": "Can add permission", "content_type": 3, "codename": "add_permission"}}, {"model": "auth.permission", "pk": 8, "fields": {"name": "Can change permission", "content_type": 3, "codename": "change_permission"}}, {"model": "auth.permission", "pk": 9, "fields": {"name": "Can delete permission", "content_type": 3, "codename": "delete_permission"}}, {"model": "auth.permission", "pk": 10, "fields": {"name": "Can add user", "content_type": 4, "codename": "add_user"}}, {"model": "auth.permission", "pk": 11, "fields": {"name": "Can change user", "content_type": 4, "codename": "change_user"}}, {"model": "auth.permission", "pk": 12, "fields": {"name": "Can delete user", "content_type": 4, "codename": "delete_user"}}, {"model": "auth.permission", "pk": 13, "fields": {"name": "Can add content type", "content_type": 5, "codename": "add_contenttype"}}, {"model": "auth.permission", "pk": 14, "fields": {"name": "Can change content type", "content_type": 5, "codename": "change_contenttype"}}, {"model": "auth.permission", "pk": 15, "fields": {"name": "Can delete content type", "content_type": 5, "codename": "delete_contenttype"}}, {"model": "auth.permission", "pk": 16, "fields": {"name": "Can add session", "content_type": 6, "codename": "add_session"}}, {"model": "auth.permission", "pk": 17, "fields": {"name": "Can change session", "content_type": 6, "codename": "change_session"}}, {"model": "auth.permission", "pk": 18, "fields": {"name": "Can delete session", "content_type": 6, "codename": "delete_session"}}, {"model": "auth.permission", "pk": 19, "fields": {"name": "Can add refresh token", "content_type": 7, "codename": "add_refreshtoken"}}, {"model": "auth.permission", "pk": 20, "fields": {"name": "Can change refresh token", "content_type": 7, "codename": "change_refreshtoken"}}, {"model": "auth.permission", "pk": 21, "fields": {"name": "Can delete refresh token", "content_type": 7, "codename": "delete_refreshtoken"}}, {"model": "auth.permission", "pk": 22, "fields": {"name": "Can add grant", "content_type": 8, "codename": "add_grant"}}, {"model": "auth.permission", "pk": 23, "fields": {"name": "Can change grant", "content_type": 8, "codename": "change_grant"}}, {"model": "auth.permission", "pk": 24, "fields": {"name": "Can delete grant", "content_type": 8, "codename": "delete_grant"}}, {"model": "auth.permission", "pk": 25, "fields": {"name": "Can add application", "content_type": 9, "codename": "add_application"}}, {"model": "auth.permission", "pk": 26, "fields": {"name": "Can change application", "content_type": 9, "codename": "change_application"}}, {"model": "auth.permission", "pk": 27, "fields": {"name": "Can delete application", "content_type": 9, "codename": "delete_application"}}, {"model": "auth.permission", "pk": 28, "fields": {"name": "Can add access token", "content_type": 10, "codename": "add_accesstoken"}}, {"model": "auth.permission", "pk": 29, "fields": {"name": "Can change access token", "content_type": 10, "codename": "change_accesstoken"}}, {"model": "auth.permission", "pk": 30, "fields": {"name": "Can delete access token", "content_type": 10, "codename": "delete_accesstoken"}}, {"model": "auth.permission", "pk": 31, "fields": {"name": "Can add user php wallet", "content_type": 11, "codename": "add_userphpwallet"}}, {"model": "auth.permission", "pk": 32, "fields": {"name": "Can change user php wallet", "content_type": 11, "codename": "change_userphpwallet"}}, {"model": "auth.permission", "pk": 33, "fields": {"name": "Can delete user php wallet", "content_type": 11, "codename": "delete_userphpwallet"}}, {"model": "auth.permission", "pk": 34, "fields": {"name": "Can add php wallet transaction", "content_type": 12, "codename": "add_phpwallettransaction"}}, {"model": "auth.permission", "pk": 35, "fields": {"name": "Can change php wallet transaction", "content_type": 12, "codename": "change_phpwallettransaction"}}, {"model": "auth.permission", "pk": 36, "fields": {"name": "Can delete php wallet transaction", "content_type": 12, "codename": "delete_phpwallettransaction"}}, {"model": "auth.user", "pk": 1, "fields": {"password": "pbkdf2_sha256$36000$zo9wbFzQ7PhB$9ccCJ9xqDCK2ivDOUDowInDNdSmxYBe7FxGYBWhg6/k=", "last_login": "2017-04-10T06:42:47.908Z", "is_superuser": true, "username": "kaushal", "first_name": "Kaushal", "last_name": "Singh", "email": "kaushal@zostel.com", "is_staff": true, "is_active": true, "date_joined": "2017-04-08T07:37:00Z", "groups": [], "user_permissions": []}}, {"model": "auth.user", "pk": 2, "fields": {"password": "pbkdf2_sha256$36000$DrPhu5RWqBNv$mWtFt/RwW+pTguu8Bhi7FcJv92kY8S78gpgcylY5TkI=", "last_login": null, "is_superuser": false, "username": "sapan", "first_name": "", "last_name": "", "email": "", "is_staff": false, "is_active": true, "date_joined": "2017-04-08T07:38:20.413Z", "groups": [], "user_permissions": []}}, {"model": "auth.user", "pk": 3, "fields": {"password": "pbkdf2_sha256$36000$2bg08SqR8D6I$3wgKi8zPb4S9dguLFo+h7mpLSfUZe0fKPHTfz6Blz3k=", "last_login": null, "is_superuser": false, "username": "deep", "first_name": "", "last_name": "", "email": "", "is_staff": false, "is_active": true, "date_joined": "2017-04-08T07:38:28.981Z", "groups": [], "user_permissions": []}}, {"model": "auth.user", "pk": 4, "fields": {"password": "pbkdf2_sha256$36000$vV4vT49kXSCW$ofar5dZXB0Zu+mClCADQZWEBHkSDBBRERd6SOJzvowc=", "last_login": null, "is_superuser": false, "username": "aditya", "first_name": "", "last_name": "", "email": "", "is_staff": false, "is_active": true, "date_joined": "2017-04-08T08:43:15.390Z", "groups": [], "user_permissions": []}}, {"model": "auth.user", "pk": 5, "fields": {"password": "pbkdf2_sha256$36000$MtShGA5np4XD$gsOLeDOqH7lg53FFwICJrkbci0RUe9zxAdJA61dn7zA=", "last_login": null, "is_superuser": false, "username": "anirudh", "first_name": "", "last_name": "", "email": "", "is_staff": false, "is_active": true, "date_joined": "2017-04-08T08:43:40.285Z", "groups": [], "user_permissions": []}}, {"model": "auth.user", "pk": 6, "fields": {"password": "pbkdf2_sha256$36000$kUdszjPjqMR4$1XLOoUlbvcN2P8PQM+gR6Cc3IyxeT4zDnH1jMWJYNyQ=", "last_login": null, "is_superuser": false, "username": "tarun", "first_name": "", "last_name": "", "email": "", "is_staff": false, "is_active": true, "date_joined": "2017-04-08T08:43:48.307Z", "groups": [], "user_permissions": []}}, {"model": "auth.user", "pk": 7, "fields": {"password": "pbkdf2_sha256$36000$juJInN8zy3tt$FrBdAwR1zcMvlIBspr188Y0VXac4PaJDORy6TH4jTQg=", "last_login": null, "is_superuser": false, "username": "akshat", "first_name": "", "last_name": "", "email": "", "is_staff": false, "is_active": true, "date_joined": "2017-04-08T08:43:59.534Z", "groups": [], "user_permissions": []}}, {"model": "auth.user", "pk": 8, "fields": {"password": "pbkdf2_sha256$36000$i7tTj9WMtMeS$fS8LAbOG4udjSPLZ39Tels0mbAzZGWNb6010tlfGqw4=", "last_login": null, "is_superuser": false, "username": "akhil", "first_name": "", "last_name": "", "email": "", "is_staff": false, "is_active": true, "date_joined": "2017-04-08T08:44:25.728Z", "groups": [], "user_permissions": []}}, {"model": "auth.user", "pk": 9, "fields": {"password": "pbkdf2_sha256$36000$11SK5Pndy5aH$VRkH6s77gIrxtIeuhE3DBbAzosurBWyAQQd45gnyOPo=", "last_login": null, "is_superuser": false, "username": "gaurav", "first_name": "", "last_name": "", "email": "", "is_staff": false, "is_active": true, "date_joined": "2017-04-08T08:46:32.793Z", "groups": [], "user_permissions": []}}, {"model": "auth.user", "pk": 10, "fields": {"password": "pbkdf2_sha256$36000$m2nzDMf9gbgC$ggFWyIBCr9iMl8LZ+L6s1+ebJh6CUfKOxoBJM6ohTMY=", "last_login": null, "is_superuser": false, "username": "aviral", "first_name": "", "last_name": "", "email": "", "is_staff": false, "is_active": true, "date_joined": "2017-04-08T08:46:53.650Z", "groups": [], "user_permissions": []}}, {"model": "auth.user", "pk": 11, "fields": {"password": "pbkdf2_sha256$36000$oS5wLFyeU7qM$nGMSb0gHapCYPaJH2LE2/m0dxwlN4joQQqx/z+C2pFQ=", "last_login": null, "is_superuser": false, "username": "sid", "first_name": "", "last_name": "", "email": "", "is_staff": false, "is_active": true, "date_joined": "2017-04-08T08:47:24.355Z", "groups": [], "user_permissions": []}}, {"model": "auth.user", "pk": 12, "fields": {"password": "pbkdf2_sha256$36000$pbZNKwUXKtWJ$Rsvs1o79zMA1BwpLUyZXjB/iR3AOvgbkEyfOzvrw7D0=", "last_login": null, "is_superuser": false, "username": "himanshu", "first_name": "", "last_name": "", "email": "", "is_staff": false, "is_active": true, "date_joined": "2017-04-08T08:47:50.127Z", "groups": [], "user_permissions": []}}, {"model": "auth.user", "pk": 13, "fields": {"password": "pbkdf2_sha256$36000$zPOeldoXZgoE$lqDRIDkpC7BHvMQLle0Iq/a1ZsKqtV2AFiMVmC29HNY=", "last_login": null, "is_superuser": false, "username": "raj", "first_name": "", "last_name": "", "email": "", "is_staff": false, "is_active": true, "date_joined": "2017-04-08T08:48:03.123Z", "groups": [], "user_permissions": []}}, {"model": "auth.user", "pk": 14, "fields": {"password": "pbkdf2_sha256$36000$2IhCTv26La9z$l30S+5Pq8vSx7JtQHbCTjmPkGqtDSWUZA5ZquwB3Ph4=", "last_login": null, "is_superuser": false, "username": "rishabh", "first_name": "", "last_name": "", "email": "", "is_staff": false, "is_active": true, "date_joined": "2017-04-08T08:48:20.965Z", "groups": [], "user_permissions": []}}, {"model": "wallet_core.userphpwallet", "pk": 1, "fields": {"owner": 1, "balance": 441.0, "created": "2017-04-08T07:37:00.569Z", "updated": "2017-04-08T20:54:52.726Z"}}, {"model": "wallet_core.userphpwallet", "pk": 2, "fields": {"owner": 2, "balance": 59.0, "created": "2017-04-08T07:38:20.583Z", "updated": "2017-04-08T07:38:20.583Z"}}, {"model": "wallet_core.userphpwallet", "pk": 3, "fields": {"owner": 3, "balance": 0.0, "created": "2017-04-08T07:38:29.135Z", "updated": "2017-04-08T07:38:29.135Z"}}, {"model": "wallet_core.userphpwallet", "pk": 4, "fields": {"owner": 4, "balance": 0.0, "created": "2017-04-08T08:43:15.555Z", "updated": "2017-04-08T08:43:15.555Z"}}, {"model": "wallet_core.userphpwallet", "pk": 5, "fields": {"owner": 5, "balance": 0.0, "created": "2017-04-08T08:43:40.444Z", "updated": "2017-04-08T08:43:40.444Z"}}, {"model": "wallet_core.userphpwallet", "pk": 6, "fields": {"owner": 6, "balance": 0.0, "created": "2017-04-08T08:43:48.469Z", "updated": "2017-04-08T08:43:48.469Z"}}, {"model": "wallet_core.userphpwallet", "pk": 7, "fields": {"owner": 7, "balance": 0.0, "created": "2017-04-08T08:43:59.701Z", "updated": "2017-04-08T08:43:59.701Z"}}, {"model": "wallet_core.userphpwallet", "pk": 8, "fields": {"owner": 8, "balance": 0.0, "created": "2017-04-08T08:44:25.897Z", "updated": "2017-04-08T08:44:25.897Z"}}, {"model": "wallet_core.userphpwallet", "pk": 9, "fields": {"owner": 9, "balance": 0.0, "created": "2017-04-08T08:46:32.960Z", "updated": "2017-04-08T08:46:32.960Z"}}, {"model": "wallet_core.userphpwallet", "pk": 10, "fields": {"owner": 10, "balance": 0.0, "created": "2017-04-08T08:46:53.812Z", "updated": "2017-04-08T08:46:53.812Z"}}, {"model": "wallet_core.userphpwallet", "pk": 11, "fields": {"owner": 11, "balance": 0.0, "created": "2017-04-08T08:47:24.519Z", "updated": "2017-04-08T08:47:24.519Z"}}, {"model": "wallet_core.userphpwallet", "pk": 12, "fields": {"owner": 12, "balance": 0.0, "created": "2017-04-08T08:47:50.290Z", "updated": "2017-04-08T08:47:50.290Z"}}, {"model": "wallet_core.userphpwallet", "pk": 13, "fields": {"owner": 13, "balance": 0.0, "created": "2017-04-08T08:48:03.287Z", "updated": "2017-04-08T08:48:03.287Z"}}, {"model": "wallet_core.userphpwallet", "pk": 14, "fields": {"owner": 14, "balance": 0.0, "created": "2017-04-08T08:48:21.122Z", "updated": "2017-04-08T08:48:21.122Z"}}, {"model": "wallet_core.phpwallettransaction", "pk": 1, "fields": {"wallet_from": 1, "wallet_to": 2, "amount": 10.0, "created": "2017-04-09T05:59:33.842Z"}}, {"model": "wallet_core.phpwallettransaction", "pk": 2, "fields": {"wallet_from": 1, "wallet_to": 3, "amount": 50.0, "created": "2017-04-09T05:59:33.842Z"}}, {"model": "wallet_core.phpwallettransaction", "pk": 3, "fields": {"wallet_from": 1, "wallet_to": 4, "amount": 40.0, "created": "2017-04-09T05:59:33.842Z"}}, {"model": "wallet_core.phpwallettransaction", "pk": 4, "fields": {"wallet_from": 5, "wallet_to": 1, "amount": 80.0, "created": "2017-04-09T05:59:33.842Z"}}, {"model": "wallet_core.phpwallettransaction", "pk": 5, "fields": {"wallet_from": 6, "wallet_to": 1, "amount": 15.0, "created": "2017-04-09T05:59:33.842Z"}}, {"model": "wallet_core.phpwallettransaction", "pk": 6, "fields": {"wallet_from": 12, "wallet_to": 13, "amount": 25.0, "created": "2017-04-09T05:59:33.842Z"}}, {"model": "wallet_core.phpwallettransaction", "pk": 7, "fields": {"wallet_from": 1, "wallet_to": 2, "amount": 10.0, "created": "2017-04-09T05:59:33.842Z"}}, {"model": "wallet_core.phpwallettransaction", "pk": 8, "fields": {"wallet_from": 1, "wallet_to": 2, "amount": 15.0, "created": "2017-04-09T05:59:33.842Z"}}, {"model": "wallet_core.phpwallettransaction", "pk": 9, "fields": {"wallet_from": 1, "wallet_to": 2, "amount": 5.0, "created": "2017-04-09T05:59:33.842Z"}}, {"model": "wallet_core.phpwallettransaction", "pk": 10, "fields": {"wallet_from": 1, "wallet_to": 2, "amount": 5.0, "created": "2017-04-09T05:59:33.842Z"}}, {"model": "wallet_core.phpwallettransaction", "pk": 11, "fields": {"wallet_from": 1, "wallet_to": 2, "amount": 6.0, "created": "2017-04-09T06:07:55.064Z"}}, {"model": "wallet_core.phpwallettransaction", "pk": 12, "fields": {"wallet_from": 1, "wallet_to": 2, "amount": 9.0, "created": "2017-04-09T06:13:51.259Z"}}, {"model": "wallet_core.phpwallettransaction", "pk": 13, "fields": {"wallet_from": 1, "wallet_to": 2, "amount": 9.0, "created": "2017-04-09T10:28:20.914Z"}}, {"model": "oauth2_provider.application", "pk": 1, "fields": {"client_id": "6LnALs4wMmYcVPn7Tol6joXpJXSEb9BCEsr3o6Bn", "user": null, "redirect_uris": "", "client_type": "confidential", "authorization_grant_type": "password", "client_secret": "uzDYdXGbbYBstWmo06YmNuLG2IxBviUMpT3pFYaMcptPYaMMAnWYSI86Ngx6BWCi5UlVQHcUYjP0HPbDONGycD6fYJN75TAYfDeWptFcYM8zDdpZTaXfwg4s9KXJBKJl", "name": "MobileApp", "skip_authorization": false}}, {"model": "oauth2_provider.accesstoken", "pk": 1, "fields": {"user": 1, "token": "lSjoWeBdVPHaU45jP2FBJd3HIqZNBl", "application": 1, "expires": "2017-04-09T00:19:54.050Z", "scope": "transact view"}}, {"model": "oauth2_provider.accesstoken", "pk": 2, "fields": {"user": 1, "token": "mJKfa8IWgkNfDSiJ1fCnAJM0ghFxEN", "application": 1, "expires": "2017-04-09T22:20:37.436Z", "scope": "transact view"}}, {"model": "oauth2_provider.accesstoken", "pk": 3, "fields": {"user": 1, "token": "gj9y6Lwgsg6WCCv3a5nVU5N9IksNNb", "application": 1, "expires": "2017-04-10T16:22:22.673Z", "scope": "transact view"}}, {"model": "oauth2_provider.accesstoken", "pk": 4, "fields": {"user": 1, "token": "JtjrymEqigoUuBBYHUUrzpFfBSnan5", "application": 1, "expires": "2017-04-10T16:22:41.027Z", "scope": "transact view"}}, {"model": "oauth2_provider.refreshtoken", "pk": 1, "fields": {"user": 1, "token": "Byk6omu8aOmw88WtRxcQiZ7HqoIa5x", "application": 1, "access_token": 1}}, {"model": "oauth2_provider.refreshtoken", "pk": 2, "fields": {"user": 1, "token": "M9OGjSNqJxSeJGsO4GEDLVwKZTjLEe", "application": 1, "access_token": 2}}, {"model": "oauth2_provider.refreshtoken", "pk": 3, "fields": {"user": 1, "token": "bw8ReyVSOehOlImbVdrfYdrAntvpjD", "application": 1, "access_token": 3}}, {"model": "oauth2_provider.refreshtoken", "pk": 4, "fields": {"user": 1, "token": "KGOnpDoRhwoQl7QIyveaEv32pJRj1x", "application": 1, "access_token": 4}}]